Trait,Presence Percentage
fruit colour description,0.8508064516129026
fruit colour,0.89516129032258
crown,0.3064516129032256
fruit size,0.3427419354838707
fruit shape,0.7943548387096768
conspicuousness,0.16129032258064505
