{"Avicennia germinans": {"precision": 0.8506756756756757, "recall": 0.7986878453038674, "f1-score": 0.8217834078489816, "support": 205.0}, "Metopium brownei": {"precision": 0.948019801980198, "recall": 0.5625, "f1-score": 0.583695967507978, "support": 205.0}, "Handroanthus billbergii": {"precision": 0.7249599358974359, "recall": 0.6292587476979742, "f1-score": 0.6583580899934788, "support": 205.0}, "Bourreria succulenta": {"precision": 0.7876381215469613, "recall": 0.7876381215469613, "f1-score": 0.7876381215469613, "support": 205.0}, "Bursera karsteniana": {"precision": 0.9436274509803921, "recall": 0.5208333333333334, "f1-score": 0.5101298701298701, "support": 205.0}, "Bursera simaruba": {"precision": 0.7403446226975638, "recall": 0.6862338858195212, "f1-score": 0.7082039337474121, "support": 205.0}, "Bursera tomentosa": {"precision": 0.7168508287292817, "recall": 0.7168508287292817, "f1-score": 0.7168508287292817, "support": 205.0}, "Cynophalla flexuosa": {"precision": 0.7192737430167597, "recall": 0.7349217311233885, "f1-score": 0.7266666666666666, "support": 205.0}, "Cynophalla hastata": {"precision": 0.645, "recall": 0.5333793738489871, "f1-score": 0.5361571182912481, "support": 205.0}, "Quadrella odoratissima": {"precision": 0.593944099378882, "recall": 0.5835635359116023, "f1-score": 0.5881278538812785, "support": 205.0}, "Crossopetalum rhacoma": {"precision": 0.7000517598343685, "recall": 0.6779465930018417, "f1-score": 0.6879756468797565, "support": 205.0}, "Maytenus versluysii": {"precision": 0.4405940594059406, "recall": 0.49171270718232046, "f1-score": 0.4647519582245431, "support": 205.0}, "Clusia rosea": {"precision": 0.6965195246179966, "recall": 0.6598756906077348, "f1-score": 0.6752423800773082, "support": 205.0}, "Conocarpus erectus": {"precision": 0.7076719576719577, "recall": 0.6445672191528545, "f1-score": 0.6675675675675676, "support": 205.0}, "Laguncularia racemosa": {"precision": 0.7835314091680814, "recall": 0.7306629834254144, "f1-score": 0.7531842088587541, "support": 205.0}, "Erythroxylum havanense": {"precision": 0.0, "recall": 0.0, "f1-score": 0.0}, "Croton niveus": {"precision": 0.8943527918781726, "recall": 0.6430709023941068, "f1-score": 0.6949404761904763, "support": 205.0}, "Hippomane mancinella": {"precision": 0.7523889154323937, "recall": 0.7432090239410681, "f1-score": 0.7476701248461404, "support": 205.0}, "Libidibia coriaria": {"precision": 0.7249599358974359, "recall": 0.6292587476979742, "f1-score": 0.6583580899934788, "support": 205.0}, "Pithecellobium unguis-cati": {"precision": 0.7000517598343685, "recall": 0.6779465930018417, "f1-score": 0.6879756468797565, "support": 205.0}, "Prosopis juliflora": {"precision": 0.6789297658862876, "recall": 0.6724217311233885, "f1-score": 0.6755758748021804, "support": 205.0}, "Vachellia tortuosa": {"precision": 0.7248122653316647, "recall": 0.6654005524861879, "f1-score": 0.6883468834688347, "support": 205.0}, "Vitex compressa": {"precision": 0.7034161490683231, "recall": 0.6960174953959484, "f1-score": 0.6996072914835003, "support": 205.0}, "Vitex cymosa": {"precision": 0.7743673851921274, "recall": 0.6347836095764272, "f1-score": 0.6719999999999999, "support": 205.0}, "Trichilia trifolia": {"precision": 0.6794414735591205, "recall": 0.6390423572744015, "f1-score": 0.6551501035196687, "support": 205.0}, "Eugenia procera": {"precision": 0.9115384615384616, "recall": 0.6847375690607735, "f1-score": 0.7434292866082604, "support": 205.0}, "Guapira pacurero": {"precision": 0.5677860696517413, "recall": 0.5125460405156538, "f1-score": 0.5016828721017202, "support": 205.0}, "Coccoloba swartzii": {"precision": 0.7265786749482401, "recall": 0.7015423572744015, "f1-score": 0.7129375951293759, "support": 205.0}, "Coccoloba uvifera": {"precision": 0.6290540540540541, "recall": 0.6099217311233885, "f1-score": 0.6181073025335322, "support": 205.0}, "Krugiodendron ferreum": {"precision": 0.6460635359116023, "recall": 0.6460635359116023, "f1-score": 0.6460635359116023, "support": 205.0}, "Rhizophora mangle": {"precision": 0.8012477718360071, "recall": 0.7334254143646408, "f1-score": 0.7612577639751552, "support": 205.0}, "Guettarda roupalifolia": {"precision": 0.7475, "recall": 0.556975138121547, "f1-score": 0.5732645488279482, "support": 205.0}, "Randia aculeata": {"precision": 0.6735248447204969, "recall": 0.6543508287292817, "f1-score": 0.6630136986301369, "support": 205.0}, "Amyris ignea": {"precision": 0.0, "recall": 0.0, "f1-score": 0.0}, "Zanthoxylum monophyllum": {"precision": 0.7876381215469613, "recall": 0.7876381215469613, "f1-score": 0.7876381215469613, "support": 205.0}, "Casearia tremula": {"precision": 0.7476252158894646, "recall": 0.6320211786372008, "f1-score": 0.6650326797385622, "support": 205.0}, "Schoepfia schreberi": {"precision": 0.7098930481283423, "recall": 0.6626381215469613, "f1-score": 0.6816770186335405, "support": 205.0}, "Jacquinia arborea": {"precision": 0.7964912280701755, "recall": 0.6945211786372008, "f1-score": 0.730803787407561, "support": 205.0}, "Guaiacum officinale": {"precision": 0.7522222222222222, "recall": 0.761279926335175, "f1-score": 0.7566284131381085, "support": 205.0}, "Guaiacum sanctum": {"precision": 0.7908594138102335, "recall": 0.7695672191528545, "f1-score": 0.7796225513616818, "support": 205.0}}