{"Avicennia germinans": {"precision": 0.8551587301587302, "recall": 0.8551587301587302, "f1-score": 0.8551587301587302, "support": 146.0}, "Metopium brownei": {"precision": 1.0, "recall": 1.0, "f1-score": 1.0, "support": 14.0}, "Handroanthus billbergii": {"precision": 0.7371794871794872, "recall": 0.753691983122363, "f1-score": 0.7449681528662421, "support": 91.0}, "Bourreria succulenta": {"precision": 0.798513986013986, "recall": 0.8643314366998578, "f1-score": 0.8265004395428754, "support": 167.0}, "Bursera karsteniana": {"precision": 1.0, "recall": 1.0, "f1-score": 1.0, "support": 2.0}, "Bursera simaruba": {"precision": 0.7520424836601307, "recall": 0.7649205667668527, "f1-score": 0.7582417582417583, "support": 154.0}, "Bursera tomentosa": {"precision": 0.7326086956521739, "recall": 0.8262195121951219, "f1-score": 0.7663865546218487, "support": 139.0}, "Cynophalla flexuosa": {"precision": 0.7248427672955975, "recall": 0.7698896631823462, "f1-score": 0.7440880047427705, "support": 185.0}, "Cynophalla hastata": {"precision": 0.6642857142857144, "recall": 0.6642857142857144, "f1-score": 0.6642857142857144, "support": 47.0}, "Quadrella odoratissima": {"precision": 0.593944099378882, "recall": 0.6234693877551021, "f1-score": 0.6035087719298246, "support": 113.0}, "Crossopetalum rhacoma": {"precision": 0.7091097308488612, "recall": 0.7387706855791962, "f1-score": 0.7223600771987868, "support": 159.0}, "Maytenus versluysii": {"precision": 0.4444444444444444, "recall": 0.4444444444444444, "f1-score": 0.4444444444444444, "support": 30.0}, "Clusia rosea": {"precision": 0.7139063254466441, "recall": 0.7775689223057645, "f1-score": 0.739094985731757, "support": 128.0}, "Conocarpus erectus": {"precision": 0.7193877551020409, "recall": 0.7457142857142858, "f1-score": 0.7313131313131314, "support": 114.0}, "Laguncularia racemosa": {"precision": 0.7914839181286549, "recall": 0.7914839181286549, "f1-score": 0.7914839181286549, "support": 163.0}, "Erythroxylum havanense": {"precision": 0.0, "recall": 0.0, "f1-score": 0.0}, "Croton niveus": {"precision": 0.9258720930232558, "recall": 0.9258720930232558, "f1-score": 0.9258720930232558, "support": 51.0}, "Hippomane mancinella": {"precision": 0.7659420289855072, "recall": 0.8426704014939308, "f1-score": 0.7965447154471545, "support": 143.0}, "Libidibia coriaria": {"precision": 0.7442307692307693, "recall": 0.761963696369637, "f1-score": 0.752636815920398, "support": 113.0}, "Pithecellobium unguis-cati": {"precision": 0.711068211068211, "recall": 0.7650862068965517, "f1-score": 0.7328253363495654, "support": 132.0}, "Prosopis juliflora": {"precision": 0.6896135265700483, "recall": 0.7341536167039523, "f1-score": 0.7080662615499875, "support": 167.0}, "Vachellia tortuosa": {"precision": 0.7399534071054163, "recall": 0.7829670329670331, "f1-score": 0.7586152635719906, "support": 118.0}, "Vitex compressa": {"precision": 0.7182971014492754, "recall": 0.808974358974359, "f1-score": 0.7494736842105263, "support": 119.0}, "Vitex cymosa": {"precision": 0.7918660287081339, "recall": 0.7918660287081339, "f1-score": 0.7918660287081339, "support": 87.0}, "Trichilia trifolia": {"precision": 0.6787439613526569, "recall": 0.6968085106382979, "f1-score": 0.6869070208728653, "support": 110.0}, "Eugenia procera": {"precision": 0.9419354838709677, "recall": 0.9419354838709677, "f1-score": 0.9419354838709677, "support": 72.0}, "Guapira pacurero": {"precision": 0.6, "recall": 0.6818181818181819, "f1-score": 0.6190476190476191, "support": 24.0}, "Coccoloba swartzii": {"precision": 0.736904761904762, "recall": 0.7705905205905206, "f1-score": 0.7520159463622362, "support": 161.0}, "Coccoloba uvifera": {"precision": 0.6282710280373831, "recall": 0.6467914438502673, "f1-score": 0.63619379748412, "support": 127.0}, "Krugiodendron ferreum": {"precision": 0.65234375, "recall": 0.6940298507462687, "f1-score": 0.6684841875681571, "support": 152.0}, "Rhizophora mangle": {"precision": 0.8102564102564103, "recall": 0.8102564102564103, "f1-score": 0.8102564102564103, "support": 148.0}, "Guettarda roupalifolia": {"precision": 0.7666666666666666, "recall": 0.7666666666666666, "f1-score": 0.7666666666666666, "support": 35.0}, "Randia aculeata": {"precision": 0.6812278630460449, "recall": 0.7167058823529412, "f1-score": 0.6961916987590928, "support": 142.0}, "Amyris ignea": {"precision": 0.0, "recall": 0.0, "f1-score": 0.0}, "Zanthoxylum monophyllum": {"precision": 0.7944277108433735, "recall": 0.8305156382079459, "f1-score": 0.8109452736318408, "support": 190.0}, "Casearia tremula": {"precision": 0.7666666666666666, "recall": 0.787317620650954, "f1-score": 0.7763975155279503, "support": 92.0}, "Schoepfia schreberi": {"precision": 0.7107843137254901, "recall": 0.7210165619645916, "f1-score": 0.7156794425087109, "support": 120.0}, "Jacquinia arborea": {"precision": 0.8118279569892473, "recall": 0.8305471124620061, "f1-score": 0.8207634150839018, "support": 108.0}, "Guaiacum officinale": {"precision": 0.7676033057851239, "recall": 0.8691290469676243, "f1-score": 0.8053333333333332, "support": 146.0}, "Guaiacum sanctum": {"precision": 0.8014032946918853, "recall": 0.8421052631578947, "f1-score": 0.8198687302487642, "support": 171.0}}